hotel_id,rate,title,review
0,1.0,D√©cevant pour un 5 √©toiles,"Nous venons de passer un week end au LUX Saint Gilles 974 et sommes tr√®s d√©√ßus. Accueil froid, manque entretien, carreau cass√© dans la piscine et dans les all√©es fauteuils de plage et parasols en piteux √©tat...... T√©l√©vision et wi-fi ne fonctionnant pas dans la chambre. Ne m√©rite pas ses 5 √©toiles et les prix pratiqu√©s; dommage car ils b√©n√©ficient d'un cadre exceptionnel. Vanda."
0,4.0,Cadre magnifique,"Super h√¥tel, cadre magnifique, grande et belle piscine, petit d√©jeuner copieux avec un tr√®s large choix, personnel accueillant et toujours souriant. Seul b√©mol, pour un 5 √©toiles les chambres restent basiques et manque de transat aupr√®s de la piscine car les gens bloquent  les transats pendant des heures en partant  faire  leurs tours et p√©nalisent les autres. Mise √† part cela On a pass√© un super moment avec mon mari, nous reviendrons certainement"
0,5.0,weekend de r√™ve!!,"Nous √©tions dans une suite pour notre anniversaire!! trop beau ont a ador√©. L'accueil √©tait tr√®s gentil et tr√®s  professionnel et ont a ador√© le restaurant de la page est juste top. Super petit d√©jeuner servi √©galement.  Les massages en duo √©tait la petite cerise sur le g√¢teau, vraiment exceptionnel, je recommande. Merci a toutes l'√©quipe ont reviendra."
0,5.0,Superbe hotel  manifique cadre,"Excellent accueil, tr√®s bien conseiller pour le choix de chambre. J'√©tais dans une suite avec mes deux gar√ßons, la suite √©tait magnifique avec baignoire et douche. Adapt√© pour les personnes √† mobilit√© r√©duite mais dommage qu'il y avait pas de si√®ge de douche sinon les massages sont excellent de m√™me pour les repas. Petit d√©jeuner copieux et gourmand que dire de plus d'autre que c'√©tait un excellent week-end."
0,5.0,Super moment en famille.. Je recommande !,"Magnifique s√©jour.. La Piscine üòç : les enfants ont ador√©s.. Merci √† l'ensemble du personnel qui √©tait au petit soin et √† l'√©coute mais plus particuli√®rement √† Isabelle pour ton accueil ; Rieul pour les petites attentions, la chambre √©tait magnifique et super confortable ü•∞.. √Ä tr√®s bient√¥t.. Merci ""tata biscotte"" de m'avoir conseill√©.. üòú"
0,1.0,D√©cevant pour un 5 √©toiles,"Nous venons de passer un week end au LUX Saint Gilles 974 et sommes tr√®s d√©√ßus. Accueil froid, manque entretien, carreau cass√© dans la piscine et dans les all√©es fauteuils de plage et parasols en piteux √©tat...... T√©l√©vision et wi-fi ne fonctionnant pas dans la chambre. Ne m√©rite pas ses 5 √©toiles et les prix pratiqu√©s; dommage car ils b√©n√©ficient d'un cadre exceptionnel. Vanda."
0,4.0,Cadre magnifique,"Super h√¥tel, cadre magnifique, grande et belle piscine, petit d√©jeuner copieux avec un tr√®s large choix, personnel accueillant et toujours souriant. Seul b√©mol, pour un 5 √©toiles les chambres restent basiques et manque de transat aupr√®s de la piscine car les gens bloquent  les transats pendant des heures en partant  faire  leurs tours et p√©nalisent les autres. Mise √† part cela On a pass√© un super moment avec mon mari, nous reviendrons certainement"
0,5.0,weekend de r√™ve!!,"Nous √©tions dans une suite pour notre anniversaire!! trop beau ont a ador√©. L'accueil √©tait tr√®s gentil et tr√®s  professionnel et ont a ador√© le restaurant de la page est juste top. Super petit d√©jeuner servi √©galement.  Les massages en duo √©tait la petite cerise sur le g√¢teau, vraiment exceptionnel, je recommande. Merci a toutes l'√©quipe ont reviendra."
0,5.0,Superbe hotel  manifique cadre,"Excellent accueil, tr√®s bien conseiller pour le choix de chambre. J'√©tais dans une suite avec mes deux gar√ßons, la suite √©tait magnifique avec baignoire et douche. Adapt√© pour les personnes √† mobilit√© r√©duite mais dommage qu'il y avait pas de si√®ge de douche sinon les massages sont excellent de m√™me pour les repas. Petit d√©jeuner copieux et gourmand que dire de plus d'autre que c'√©tait un excellent week-end."
0,5.0,Super moment en famille.. Je recommande !,"Magnifique s√©jour.. La Piscine üòç : les enfants ont ador√©s.. Merci √† l'ensemble du personnel qui √©tait au petit soin et √† l'√©coute mais plus particuli√®rement √† Isabelle pour ton accueil ; Rieul pour les petites attentions, la chambre √©tait magnifique et super confortable ü•∞.. √Ä tr√®s bient√¥t.. Merci ""tata biscotte"" de m'avoir conseill√©.. üòú"
0,5.0,Hotel 5 √©toiles les pieds dans le lagon bleu,Magnifique hotel aux prestations remarquables et au service irr√©prochable.   Excellent petit-d√©jeuner et tr√®s bons restaurants pour le midi ou pour le soir (3 restaurants + le bar)  Nous y avons c√©l√©br√© notre anniversaire de mariage et tout √©tait parfait comme d'habitude! Beaucoup d'attentions particuli√®res qui ont rendu notre s√©jour inoubliable.  Il s'agissait de notre 4√®me s√©jour dans cet hotel et nous y reviendrons certainement.
0,5.0,Week-end entre copines,"Notre week-end √©tait pr√©vu √† Maurice, donc annul√©...via l'agence de voyage, nous avons d√©cid√© de le passer au Lux.  Nous √©tions 4 copines de gym....Super moment de d√©tente, le personnel est tr√®s professionnel : l'accueil √† l'arriv√©e comme au d√©part, rien √† dire...., les barmans (coktails top d'Axel), les serveurs de plage, au kiosque des glaces...le personnel des restaurants....une mention sp√©ciale √† Henri et √† Ibrahim (tr√®s √©mue de l'avoir connu enfant et le revoir dans cet √©tablissement une trentaine d'ann√©es plus tard) ....Bravo et F√©licitations √† toute l'√©quipe de cet h√¥tel, pour moi Z√©ro faute....je suis fi√®re en tant que r√©unionnaise  de voir qu'a la R√©union un H√¥tel peut nous satisfaire autant qu'un de Maurice qui sont les champions en la mati√®re....  De vendredi √†‚Ä¶"
0,5.0,Une belle parenth√®se improvisee ,"Toujours un plaisir de passer un s√©jour dans cette belle structure! S√©jour improvis√© en derni√®re minute gr√¢ce √† une promo tr√®s attirante (merci Le Lux !) La chambre toujours impeccable, les buffets d√Æners et petits dej tr√®s complets. Un grand merci surtout au personnel qui a pris grand soin de nous, l √©quipe de l√† bagagerie qui a √©t√© tr√®s disponible pour nous v√©hiculer (√©tant en b√©quille), l √©quipe du snack de plage (merci Kevin!), les conseils du barmaid pour pr√©parer des rhums arrang√©s et l √©quipe de l accueil! Et... Cerise sur le g√¢teau, nous avons une belle attention pour notre fid√©lit√© (re-merci Le Lux !!). En bref, on a ador√©, on y reviendra ! "
0,4.0,Cadre magnifique,"Points fort : Personnel professionnel, souriant, serviable et √† l‚Äô√©coute. Cadre bord de mer apaisant. Chambre propre , literie tr√®s spacieux et confortable. La piscine et ses terrasses alentours rend le cadre tr√®s agr√©able. Petit d√©jeuner correct.   Point faible : Qualit√© image de la t√©l√© d√©cevant pour un 5 √©toiles, Difficult√©s √† se connecter au wifi. Place de parking un peu √©troite. Dommage qu‚Äôil n‚Äôy ai pas de jacuzzi au spa. Tarifs un peu √©lev√©s au bar, le cocktails de fruit frais c‚Äô√©tait un simple  jus d‚Äôorange et ananas  Je ne pourrais pas juger les repas car je n‚Äôy ai pas diner."
0,3.0,Surprise,"√âquipe r√©active et agr√©able, bon accueil mais c'est vrai que niveau inf√©rieur √†  un 5 √©toiles de Maurice. Cour avec √©quipement d√©suet mais belle et grande piscine. Beaucoup d'efforts par rapport au contexte Covid."
0,4.0,Au top seul b√©mol la chambre...,"En lisant les commentaires pr√©c√©dents...je pense sinc√®rement que nous n'avons pas eu de chance dans la r√©partition des chambres...(121) .  Je vais commencer par les points positifs : - le personnel,  vraiment au top , tres serviable,  aimable etc.... merci a vous. - l'√©tablissement est super , la piscine , les restos , les.cocktails (alcoolis√©s j'ai pas go√ªt√© les autres)  -le petit dej MONSTRUEUX m√™me si la dame qui fait les ≈ìufs toute seul fait un gros boulot pour servir tout le monde.   En revanche pour la chambre nous avons √©t√© un peu d√©√ßu par rapport au standing de l'h√¥tel.   - Infiltrations d'eau (voir photo) - baignoire et douchette avec une fuite  - Une r√©paration ( Finition gros doigt) avec de l'enduit pos√© la .... sans peinture ni m√™me pon√ßage.....(photo) - une chambre‚Ä¶"
0,5.0,Un week-end entre filles ü•∞,"Nous avons pass√© un week-end d√©connectant ! Je remercie Mme Isabelle Morel, la responsable de la r√©ception pour nous avoir accueilli chaleureusement et r√©pondu √† nos attentes durant ce court s√©jour.  Nous avons profit√© de ce moment dans un cadre parfait, un petit d√©jeuner √† tomber par terre! L‚Äôomelette est toujours d√©licieuse - merci √† tout le personnel √©galement pour les sourires ! Et nous avons bien dormi!"
0,4.0,D√©tente assur√©e,Hotel agr√©able Personnel aimable  Chambre propre Petit d√©jeuner copieux Resto de plage  vari√©s et succulent Priscilla a l'accueil tr√®s r√©active  et aimable  Avec le covid tous les mesures de s√©curit√© sont au top
0,5.0,Top!!,"Nous avons pass√© un s√©jour exceptionnel : le lieu bien s√ªr, mais aussi le personnel nous ont permis de passer 6 jours au paradis! Un grand merci √† toutes les √©quipes , du personnel des chambres √† celui des restaurants et bar( merci en particulier √† Kevin pour ses excellents cocktails et √† sa sympathie)  On reviendra vous voir d√®s que possible  C√©line et Olivier  ( juste un petit b√©mol par rapport√† la salle de bain qui n est pas digne d un 5 √©toiles ; il faudrait √©galement une cafeti√®re Nespresso dans les chambres)"
0,5.0,Superbe h√¥tel ! √âquipe au top ! Pour nous le meilleur h√¥tel de l‚Äô√Æle ,Nous avons pass√© 2 semaines dans cet h√¥tel pour les vacances de la Toussaint en famille (couple avec 1 enfant de 9 ans ).  Tout d‚Äôabord le cadre de l‚Äôh√¥tel est extraordinaire plac√© sur la plus belle plage de l‚Äô√Æle vous b√©n√©ficiez d‚Äôun lagon digne d‚Äôune carte postale am√©nag√© de transats et de parasols ainsi que d‚Äôun service de bar qui vous ram√®ne votre cocktail ou votre noix de coco fra√Æche sur votre transat merci √† Jonathan pour son service et son accueil fort sympathique !   La belle et grande piscine de l‚Äôh√¥tel est chauff√©e avec pareil un service de bar servit sur transat ( un vrai service 5 √©toiles).  La restauration est de tr√®s bonne qualit√© vous avez 4 restaurants dans l‚Äôh√¥tel : le bar en service continu leur club sandwich est succulent et les frites maison un delice ! Une‚Ä¶
