url,hotel
https://www.tripadvisor.fr/Hotel_Review-g298470-d1473791-Reviews-LUX_Saint_Gilles-Saint_Gilles_Les_Bains_Arrondissement_of_Saint_Paul.html,LUX* Saint Gilles
https://www.tripadvisor.fr/Hotel_Review-g298470-d299609-Reviews-Relais_De_L_Hermitage-Saint_Gilles_Les_Bains_Arrondissement_of_Saint_Paul.html,Relais de l'Hermitage Saint-Gilles
https://www.tripadvisor.fr/Hotel_Review-g298470-d589290-Reviews-Le_Saint_Alexis_Hotel_Spa-Saint_Gilles_Les_Bains_Arrondissement_of_Saint_Paul.html,Le Saint Alexis Hotel & Spa
https://www.tripadvisor.fr/Hotel_Review-g298470-d589291-Reviews-Hotel_Le_Recif-Saint_Gilles_Les_Bains_Arrondissement_of_Saint_Paul.html,Hotel Le Recif
https://www.tripadvisor.fr/Hotel_Review-g298470-d585445-Reviews-Hotel_Boucan_Canot-Saint_Gilles_Les_Bains_Arrondissement_of_Saint_Paul.html,Hôtel Boucan Canot
https://www.tripadvisor.fr/Hotel_Review-g298470-d647141-Reviews-Residence_l_Archipel-Saint_Gilles_Les_Bains_Arrondissement_of_Saint_Paul.html,Résidence l'Archipel
https://www.tripadvisor.fr/Hotel_Review-g298470-d4137730-Reviews-Tama_Hotel-Saint_Gilles_Les_Bains_Arrondissement_of_Saint_Paul.html,Tama Hôtel
https://www.tripadvisor.fr/Hotel_Review-g298470-d1191534-Reviews-Residence_Tropic_Appart_hotel-Saint_Gilles_Les_Bains_Arrondissement_of_Saint_Paul.html,Residence Tropic Appart'hotel
https://www.tripadvisor.fr/Hotel_Review-g298470-d2199623-Reviews-Hotel_de_la_Plage-Saint_Gilles_Les_Bains_Arrondissement_of_Saint_Paul.html,HOTEL DE LA PLAGE
https://www.tripadvisor.fr/Hotel_Review-g298470-d1315642-Reviews-Hotel_Les_Bougainvilliers-Saint_Gilles_Les_Bains_Arrondissement_of_Saint_Paul.html,Hotel les Bougainvilliers
https://www.tripadvisor.fr/Hotel_Review-g298470-d12971698-Reviews-Hotel_Le_Grand_Bleu-Saint_Gilles_Les_Bains_Arrondissement_of_Saint_Paul.html,Hôtel Le Grand Bleu
https://www.tripadvisor.fr/Hotel_Review-g298470-d1748627-Reviews-Hotel_Ylang_Ylang-Saint_Gilles_Les_Bains_Arrondissement_of_Saint_Paul.html,Hotel Ylang Ylang
https://www.tripadvisor.fr/Hotel_Review-g298470-d2199683-Reviews-Appart_Hotel_Marina-Saint_Gilles_Les_Bains_Arrondissement_of_Saint_Paul.html,Appart Hotel Marina
https://www.tripadvisor.fr/Hotel_Review-g1191830-d5543640-Reviews-Vert_Lagon-La_Saline_les_Bains_Arrondissement_of_Saint_Paul.html,Vert Lagon
https://www.tripadvisor.fr/Hotel_Review-g1191830-d8622300-Reviews-Dina_Morgabine_Hotel-La_Saline_les_Bains_Arrondissement_of_Saint_Paul.html,Hôtel Dina Morgabine
https://www.tripadvisor.fr/Hotel_Review-g1191830-d2026352-Reviews-Le_Nautile_Beach-La_Saline_les_Bains_Arrondissement_of_Saint_Paul.html,Le Nautile
https://www.tripadvisor.fr/Hotel_Review-g1191830-d653644-Reviews-Hotel_Swalibo-La_Saline_les_Bains_Arrondissement_of_Saint_Paul.html,Hotel Swalibo
https://www.tripadvisor.fr/Hotel_Review-g1191830-d15292890-Reviews-La_Biche_De_Mer-La_Saline_les_Bains_Arrondissement_of_Saint_Paul.html,La Biche De Mer
https://www.tripadvisor.fr/Hotel_Review-g1191830-d3266220-Reviews-Aquabeach-La_Saline_les_Bains_Arrondissement_of_Saint_Paul.html,Aquabeach
https://www.tripadvisor.fr/Hotel_Review-g3452661-d15334319-Reviews-Lakazadom974-Saint_Gilles_les_Hauts_Arrondissement_of_Saint_Paul.html,Lakazadom974
https://www.tripadvisor.fr/Hotel_Review-g480230-d21250119-Reviews-Chez_Nadine_Patrick-Saint_Paul_Arrondissement_of_Saint_Paul.html,Chez Nadine & Patrick
https://www.tripadvisor.fr/Hotel_Review-g1191830-d20217850-Reviews-La_Maison_des_Palmes-La_Saline_les_Bains_Arrondissement_of_Saint_Paul.html,La Maison des Palmes
https://www.tripadvisor.fr/Hotel_Review-g480230-d7161889-Reviews-Le_Caillou_Blanc-Saint_Paul_Arrondissement_of_Saint_Paul.html,Le Caillou Blanc
https://www.tripadvisor.fr/Hotel_Review-g1191830-d8684639-Reviews-Akoya_Hotel_Spa-La_Saline_les_Bains_Arrondissement_of_Saint_Paul.html,Akoya Hôtel & Spa
https://www.tripadvisor.fr/Hotel_Review-g298471-d8632775-Reviews-Chambres_d_hotes_Cote_Lagon-Saint_Pierre_Arrondissement_of_Saint_Pierre.html,"Chambres d'hôtes ""Côté Lagon"""
https://www.tripadvisor.fr/Hotel_Review-g970102-d3689925-Reviews-Leu_Bleu_Austral-Saint_Leu_Arrondissement_of_Saint_Paul.html,LEU  BLEU AUSTRAL
https://www.tripadvisor.fr/Hotel_Review-g668283-d3316240-Reviews-Villa_Ote-Entre_Deux_Arrondissement_of_Saint_Pierre.html,Villa Oté
https://www.tripadvisor.fr/Hotel_Review-g1222145-d9610420-Reviews-Villa_Romeo-L_Etang_Sale_Arrondissement_of_Saint_Pierre.html,Villa Romeo
https://www.tripadvisor.fr/Hotel_Review-g970102-d949960-Reviews-Blue_Margouillat_Seaview_Hotel-Saint_Leu_Arrondissement_of_Saint_Paul.html,Blue Margouillat Seaview Hotel
